,trait,config_id,lr,batch_size,weight_decay,warmup_ratio,val_f1_mean,val_precision_mean,val_recall_mean,val_accuracy_mean,val_loss_mean,val_f1_std
Agreeableness,Agreeableness,24,5e-06,32,0.1,0.06,0.6970554523235318,0.5361471471119202,0.9962627780921398,0.5403297993775201,0.6892131097614765,0.008088161464367354
Extroversion,Extroversion,40,2e-05,16,0.01,0.06,0.6850002352453715,0.5389199196828572,0.9409572569766904,0.5532918346732801,0.7031807709124781,0.022480403384087612
Conscientiousness,Conscientiousness,12,1e-05,32,0.1,0.06,0.6784481551369457,0.5311265724104883,0.9449618459810246,0.5455995269809725,0.6939842365682125,0.026496611727749614
Neuroticism,Neuroticism,40,2e-05,16,0.01,0.06,0.6621330368092971,0.541551387103584,0.8647879012912068,0.5609734665889251,0.6858706508913348,0.022820840385365682
Openness,Openness,26,3e-06,16,0.0,0.06,0.6555013752122687,0.5757129825186521,0.8103146457323109,0.5703435136444638,0.6846864831063055,0.02957474219158021
